vendor,link
Ind,https://ind-distribution.com/collections/ind/products/ind-f8x-m3-m4-painted-front-reflector-set
Ind,https://ind-distribution.com/collections/ind/products/ind-g8x-m3-m4-painted-front-reflector-set
Ind,https://ind-distribution.com/collections/ind/products/interior-exterior-install-kit
Ind,https://ind-distribution.com/collections/ind/products/ind-painted-bmw-roundel
Ind,https://ind-distribution.com/collections/ind/products/ind-g20-g22-g42-painted-front-reflector-set
Ind,https://ind-distribution.com/collections/ind/products/ind-e9x-m3-painted-front-reflector-set
Ind,https://ind-distribution.com/collections/ind/products/ind-f8x-m3-m4-painted-rear-reflector-set
Ind,https://ind-distribution.com/collections/ind/products/ind-f87-m2-painted-front-reflector-set
Ind,https://ind-distribution.com/collections/ind/products/ind-f22-2-series-painted-front-reflector-set
Ind,https://ind-distribution.com/collections/ind/products/ind-painted-license-plate-frame
Ind,https://ind-distribution.com/collections/ind/products/ind-f8x-m3-m4-red-m1-m2-button-set
Ind,https://ind-distribution.com/collections/ind/products/ind-f30-3-series-f32-4-series-painted-front-reflector-set
Ind,https://ind-distribution.com/collections/ind/products/ind-f90-m5-painted-front-reflector-set
Ind,https://ind-distribution.com/collections/ind/products/ind-e9x-m3-painted-trunk-emblem
Ind,https://ind-distribution.com/collections/ind/products/ind-f97-x3m-painted-front-reflector-set
Ind,https://ind-distribution.com/collections/ind/products/ind-carbon-floating-wheel-center-cap-set-56mm
Ind,https://ind-distribution.com/collections/ind/products/ind-mk8-golf-gti-golf-r-painted-front-reflector-set
Ind,https://ind-distribution.com/collections/ind/products/ind-a90-supra-painted-front-reflector-set
Ind,https://ind-distribution.com/collections/ind/products/ind-f8x-m3-m4-painted-key-hole-cover
Ind,https://ind-distribution.com/collections/ind/products/ind-g05-x5-painted-trunk-emblem
Ind,https://ind-distribution.com/collections/ind/products/ind-g-chassis-red-start-stop-button
Ind,https://ind-distribution.com/collections/ind/products/ind-carbon-bmw-roundel
Ind,https://ind-distribution.com/collections/ind/products/ind-x-acexxon-g8x-m3-m4-reflector-cosmetic-package
Ind,https://ind-distribution.com/collections/ind/products/ind-f-chassis-start-stop-button
Ind,https://ind-distribution.com/collections/ind/products/ind-acexxon-f90-m5-reflector-honeycomb-cosmetic-package
Ind,https://ind-distribution.com/collections/ind/products/ind-f87-m2-competition-red-m1-m2-button-set
Ind,https://ind-distribution.com/collections/ind/products/bmw-g07-x7-front-reflector-set
Ind,https://ind-distribution.com/collections/ind/products/ind-acexxon-f87-m2-reflector-honeycomb-cosmetic-package
Ind,https://ind-distribution.com/collections/ind/products/ind-g05-x-drive-painted-trunk-emblem
Ind,https://ind-distribution.com/collections/ind/products/bmw-m-logo-key-ring
Ind,https://ind-distribution.com/collections/ind/products/ind-g8x-m3-m4-competition-gloss-black-front-grille-emblem
Ind,https://ind-distribution.com/collections/ind/products/ind-g8x-m3-m4-gloss-black-front-grille-emblem
Ind,https://ind-distribution.com/collections/ind/products/ind-g87-m2-painted-front-reflector-set
Ind,https://ind-distribution.com/collections/ind/products/ind-g8x-m3-m4-painted-rear-reflector-set
Ind,https://ind-distribution.com/collections/ind/products/ind-f8x-m3-m4-replacement-tow-hook-cover
Ind,https://ind-distribution.com/collections/ind/products/ind-e46-m3-painted-front-reflector-set
Ind,https://ind-distribution.com/collections/ind/products/ind-a90-supra-painted-rear-reflector-set
Ind,https://ind-distribution.com/collections/ind/products/ind-f85-x5m-painted-trunk-emblem
Ind,https://ind-distribution.com/collections/ind/products/ind-f8x-m3-m4-painted-side-marker-set
Ind,https://ind-distribution.com/collections/ind/products/ind-carbon-floating-wheel-center-cap-set-72-6mm
Ind,https://ind-distribution.com/collections/ind/products/ind-e-chassis-start-stop-button
Ind,https://ind-distribution.com/collections/ind/products/ind-f95-x5m-painted-front-reflector-set
Ind,https://ind-distribution.com/collections/ind/products/ind-e9x-m3-replacement-tow-hook-cover
Ind,https://ind-distribution.com/collections/ind/products/ind-f87-m2-m2c-replacement-tow-hook-cover
Ind,https://ind-distribution.com/collections/ind/products/ind-g20-3-series-painted-rear-reflector-set
Ind,https://ind-distribution.com/collections/ind/products/ind-f87-m2-matte-carbon-stitched-6-speed-boot
Ind,https://ind-distribution.com/collections/ind/products/ind-e9x-m3-painted-front-grille-set
Ind,https://ind-distribution.com/collections/ind/products/ind-f92-m8-painted-front-reflector-set
Ind,https://ind-distribution.com/collections/ind/products/ind-painted-center-caps
Ind,https://ind-distribution.com/collections/ind/products/ind-g8x-m3-m4-replacement-front-tow-hook-cover
Ind,https://ind-distribution.com/collections/ind/products/ind-e9x-m3-painted-hood-vent-set
Ind,https://ind-distribution.com/collections/ind/products/ind-g05-x5-g07-x7-painted-rear-reflector-set
Ind,https://ind-distribution.com/collections/ind/products/ind-g07-x7-painted-trunk-emblem
Ind,https://ind-distribution.com/collections/ind/products/ind-e9x-m3-painted-side-marker-set
Ind,https://ind-distribution.com/collections/ind/products/virtual-ind-gift-card
Ind,https://ind-distribution.com/collections/ind/products/ind-f90-m5-painted-trunk-emblem
Ind,https://ind-distribution.com/collections/ind/products/ind-f10-m5-painted-front-reflector-set
Ind,https://ind-distribution.com/collections/ind/products/bmw-e9x-m3-limited-edition-gloss-black-ignition-switch-ind-start-stop-button
Ind,https://ind-distribution.com/collections/ind/products/ind-f8x-m3-m4-matte-carbon-straight-stitch-boot-set
Ind,https://ind-distribution.com/collections/ind/products/ind-logo-license-plate-frame
Ind,https://ind-distribution.com/collections/ind/products/ind-f85-x5m-painted-front-reflector-set
Ind,https://ind-distribution.com/collections/ind/products/ind-e92-e93-3-series-painted-front-reflector-set
Ind,https://ind-distribution.com/collections/ind/products/ind-g05-x5-f95-x5m-painted-rear-wiper-arm-cap-gloss-black
Ind,https://ind-distribution.com/collections/ind/products/ind-f30-3-series-painted-rear-reflector-set
Ind,https://ind-distribution.com/collections/ind/products/ind-f97-x3m-painted-rear-reflector-set
Ind,https://ind-distribution.com/collections/ind/products/ind-f22-m235i-m240i-painted-trunk-emblem
Ind,https://ind-distribution.com/collections/ind/products/ind-g01-x3-f97-x3m-painted-rear-wiper-arm-cap-gloss-black
Ind,https://ind-distribution.com/collections/ind/products/bmw-f87-m2-m-performance-carbon-side-marker-set
Ind,https://ind-distribution.com/collections/ind/products/bmw-e9x-m3-limited-edition-ignition-switch-with-ind-start-stop-button
Ind,https://ind-distribution.com/collections/ind/products/ind-f87-m2-cs-painted-trunk-emblem
Ind,https://ind-distribution.com/collections/ind/products/ind-g30-m550i-painted-trunk-emblem
Ind,https://ind-distribution.com/collections/ind/products/ind-f8x-m3-m4-polar-blue-m1-m2-button-set
Ind,https://ind-distribution.com/collections/ind/products/ind-f85-x5m-f86-x6m-red-m1-m2-button-set
Ind,https://ind-distribution.com/collections/ind/products/ind-g26-4-series-gran-coupe-painted-front-reflector-set
Ind,https://ind-distribution.com/collections/ind/products/ind-f-chassis-ignition-bezel
Ind,https://ind-distribution.com/collections/ind/products/ind-f22-2-series-painted-rear-reflector-set
Ind,https://ind-distribution.com/collections/ind/products/ind-e9x-m3-m-steering-wheel-button
Ind,https://ind-distribution.com/collections/ind/products/ind-f10-m5-painted-trunk-emblem
Ind,https://ind-distribution.com/collections/ind/products/ind-g15-m850i-painted-trunk-emblem
Ind,https://ind-distribution.com/collections/ind/products/ind-f90-m5-painted-center-grille-trim
Ind,https://ind-distribution.com/collections/ind/products/ind-custom-painted-key-chain
Ind,https://ind-distribution.com/collections/ind/products/ind-f80-m3-competition-gloss-black-trunk-emblem
Ind,https://ind-distribution.com/collections/ind/products/ind-g8x-m3-m4-painted-engine-cover
Ind,https://ind-distribution.com/collections/ind/products/ind-g15-m850i-painted-front-reflector-set
Ind,https://ind-distribution.com/collections/ind/products/ind-f87-m2-painted-trunk-emblem
Ind,https://ind-distribution.com/collections/ind/products/ind-f87-m2-painted-side-marker-set
Ind,https://ind-distribution.com/collections/ind/products/ind-carbon-fiber-steering-wheel-trim
Ind,https://ind-distribution.com/collections/ind/products/ind-f8x-m3-m4-carbon-fiber-side-marker-set
Ind,https://ind-distribution.com/collections/ind/products/ind-g87-m2-painted-center-bumper-trim
Ind,https://ind-distribution.com/collections/ind/products/rivet-gun-install-kit-used-for-front-reflector-install
Ind,https://ind-distribution.com/collections/ind/products/ind-g87-m2-cosmetic-package
Ind,https://ind-distribution.com/collections/ind/products/ind-f15-x5-painted-rear-reflector-set
Ind,https://ind-distribution.com/collections/ind/products/ind-f10-5-series-lci-painted-side-marker-set
Ind,https://ind-distribution.com/collections/ind/products/ind-f06-f12-f13-m6-painted-trunk-emblem
Ind,https://ind-distribution.com/collections/ind/products/ind-painted-floating-wheel-center-cap-set-56mm
Ind,https://ind-distribution.com/collections/ind/products/ind-f10-m5-f1x-m6-red-m1-m2-button-set
Ind,https://ind-distribution.com/collections/ind/products/ind-f90-m5-painted-rear-reflector-set
Ind,https://ind-distribution.com/collections/ind/products/ind-g0x-painted-mirror-cap-set
Ind,https://ind-distribution.com/collections/ind/products/ind-g30-5-series-painted-center-grille-trim
Ind,https://ind-distribution.com/collections/ind/products/ind-f10-m5-painted-rear-reflector-set
Ind,https://ind-distribution.com/collections/ind/products/ind-painted-center-caps-56mm
Ind,https://ind-distribution.com/collections/ind/products/ind-f10-m5-f1x-m6-red-start-stop-button
Ind,https://ind-distribution.com/collections/ind/products/ind-x-acexxon-f95-x5m-reflector-cosmetic-package
Ind,https://ind-distribution.com/collections/ind/products/ind-g30-5-series-m-sport-painted-rear-reflector-set
Ind,https://ind-distribution.com/collections/ind/products/ind-f15-x5-painted-trunk-emblem
Ind,https://ind-distribution.com/collections/ind/products/ind-f87-m2-painted-rear-reflector-set
Ind,https://ind-distribution.com/collections/ind/products/ind-acexxon-reflector-horizontal-slat-cosmetic-package
Ind,https://ind-distribution.com/collections/ind/products/ind-msav-mirror-retrofit
Ind,https://ind-distribution.com/collections/ind/products/ind-f8x-m3-m4-front-grille-set
Ind,https://ind-distribution.com/collections/ind/products/ind-f82-m4-cs-painted-trunk-emblem
Ind,https://ind-distribution.com/collections/ind/products/ind-e82-1m-painted-side-marker-set
Ind,https://ind-distribution.com/collections/ind/products/ind-f1x-m6-competition-gloss-black-trunk-emblem
Ind,https://ind-distribution.com/collections/ind/products/ind-g20-3-series-xdrive-painted-trunk-emblem
Ind,https://ind-distribution.com/collections/ind/products/ind-g20-330i-trunk-emblem
Ind,https://ind-distribution.com/collections/ind/products/ind-f8x-m3-m4-custom-floor-mat-set
Ind,https://ind-distribution.com/collections/ind/products/ind-f82-m4-competition-gloss-black-trunk-emblem
Ind,https://ind-distribution.com/collections/ind/products/ind-e90-3-series-painted-front-reflector-set
Ind,https://ind-distribution.com/collections/ind/products/ind-f80-m3-painted-side-vent-set
Ind,https://ind-distribution.com/collections/ind/products/ind-x-acexxon-f8x-m3-m4-reflector-cosmetic-package-honeycomb
Ind,https://ind-distribution.com/collections/ind/products/ind-f86-x6m-painted-trunk-emblem
Ind,https://ind-distribution.com/collections/ind/products/ind-g87-m2-replacement-tow-hook-cover
Ind,https://ind-distribution.com/collections/ind/products/ind-g8x-m3-m4-xdrive-painted-trunk-emblem
Ind,https://ind-distribution.com/collections/ind/products/ind-g30-540i-painted-trunk-emblem
Ind,https://ind-distribution.com/collections/ind/products/ind-f32-4-series-painted-rear-reflector-set-msport
Ind,https://ind-distribution.com/collections/ind/products/ind-f10-m5-painted-side-marker-set
Ind,https://ind-distribution.com/collections/ind/products/ind-e46-m3-painted-trunk-emblem
Ind,https://ind-distribution.com/collections/ind/products/ind-e70-x5-lci-painted-front-reflector-set
Ind,https://ind-distribution.com/collections/ind/products/ind-bmw-heritage-floating-wheel-center-cap-set-56mm
Ind,https://ind-distribution.com/collections/ind/products/ind-f8x-m2-m3-m4-yellow-m1-m2-steering-wheel-button-set
Ind,https://ind-distribution.com/collections/ind/products/ind-g8x-m3-m4-essential-kit
Ind,https://ind-distribution.com/collections/ind/products/ind-f87-m2-floor-mat-set
Ind,https://ind-distribution.com/collections/ind/products/ind-acexxon-a90-supra-cosmetic-package
Ind,https://ind-distribution.com/collections/ind/products/ind-logo-black-valve-stem-cap-set
Ind,https://ind-distribution.com/collections/ind/products/ind-f82-f83-m4-painted-side-vent-set
Ind,https://ind-distribution.com/collections/ind/products/ind-g87-m2-painted-front-grille-emblem
Ind,https://ind-distribution.com/collections/ind/products/ind-e60-m5-painted-front-reflector-set
Ind,https://ind-distribution.com/collections/ind/products/ind-g20-3-series-painted-mirror-cap-set
Ind,https://ind-distribution.com/collections/ind/products/ind-painted-floating-wheel-center-cap-set-68mm
Ind,https://ind-distribution.com/collections/ind/products/ind-e89-z4-lci-painted-side-marker-set
Ind,https://ind-distribution.com/collections/ind/products/ind-f87-m2-competition-polar-blue-m1-m2-button-set
Ind,https://ind-distribution.com/collections/ind/products/ind-f06-f12-f13-m6-painted-rear-reflector-set
Ind,https://ind-distribution.com/collections/ind/products/ind-e9x-m3-cosmetic-package
Ind,https://ind-distribution.com/collections/ind/products/ind-f80-m3-cs-painted-trunk-emblem
Ind,https://ind-distribution.com/collections/ind/products/ind-f8x-m3-m4-carbon-fiber-front-grille-set
Ind,https://ind-distribution.com/collections/ind/products/ind-s55-painted-engine-cover
Ind,https://ind-distribution.com/collections/ind/products/ind-g07-x7-painted-trunk-trim
Ind,https://ind-distribution.com/collections/ind/products/ind-g01-x3-lci-m-sport-painted-rear-reflector-set-gloss-black
Ind,https://ind-distribution.com/collections/ind/products/ind-f95-x5m-painted-rear-reflector-set
Ind,https://ind-distribution.com/collections/ind/products/bmw-m-performance-f85-x5m-side-grille-set
Ind,https://ind-distribution.com/collections/ind/products/ind-g87-m2-painted-rear-reflector-set-gloss-black
Ind,https://ind-distribution.com/collections/ind/products/ind-a90-supra-exhaust-tip-set-matte-black
Ind,https://ind-distribution.com/collections/ind/products/bmw-oem-red-start-stop-button
Ind,https://ind-distribution.com/collections/ind/products/ind-g30-550i-xdrive-painted-trunk-emblem
Ind,https://ind-distribution.com/collections/ind/products/ind-acexxon-f8x-m3-m4-reflector-horizontal-slat-cosmetic-package
Ind,https://ind-distribution.com/collections/ind/products/ind-g12-7-series-painted-front-reflector-set
Ind,https://ind-distribution.com/collections/ind/products/ind-e60-m5-painted-trunk-emblem
Ind,https://ind-distribution.com/collections/ind/products/ind-x-acexxon-f91-f92-f93-m8-reflector-cosmetic-package
Ind,https://ind-distribution.com/collections/ind/products/ind-e6x-m5-m6-red-m-steering-wheel-button
Ind,https://ind-distribution.com/collections/ind/products/ind-f87-m2-alcantara-custom-stitched-armrest
Ind,https://ind-distribution.com/collections/ind/products/ind-f06-f12-f13-m6-painted-front-reflector-set
Ind,https://ind-distribution.com/collections/ind/products/ind-g05-x5-essential-kit
Ind,https://ind-distribution.com/collections/ind/products/bmw-m-performance-f80-m3-side-sill-set
Ind,https://ind-distribution.com/collections/ind/products/ind-f22-m235i-m240i-painted-mirror-cap-set
Ind,https://ind-distribution.com/collections/ind/products/ind-e9x-m3-tri-color-alcantara-boot-packages
Ind,https://ind-distribution.com/collections/ind/products/ind-e9x-m3-matte-black-front-grille-set
Ind,https://ind-distribution.com/collections/ind/products/ind-f85-x5m-cosmetic-package-non-night-vision
Ind,https://ind-distribution.com/collections/ind/products/ind-acexxon-f85-x5m-reflector-cosmetic-package
Ind,https://ind-distribution.com/collections/ind/products/ind-f10-m5-f1x-m6-polar-blue-start-stop-button
Ind,https://ind-distribution.com/collections/ind/products/ind-x-acexxon-mk8-golf-gti-golf-r-reflector-cosmetic-package
Ind,https://ind-distribution.com/collections/ind/products/ind-f10-m5-f1x-m6-polar-blue-m1-m2-button-set
Ind,https://ind-distribution.com/collections/ind/products/ind-directional-tow-hook-location-decal-set
Ind,https://ind-distribution.com/collections/ind/products/ind-g87-m2-gloss-black-painted-grille-and-trunk-emblem-set
Ind,https://ind-distribution.com/collections/ind/products/ind-f96-x6m-painted-front-reflector-set
Ind,https://ind-distribution.com/collections/ind/products/ind-e46-m3-red-sport-mode-button
Ind,https://ind-distribution.com/collections/ind/products/ind-f97-x3m-lci-reflector-cosmetic-package
Ind,https://ind-distribution.com/collections/ind/products/ind-a90-supra-replacement-start-stop-button
Ind,https://ind-distribution.com/collections/ind/products/ind-e70-x5m-painted-trunk-emblem
Ind,https://ind-distribution.com/collections/ind/products/ind-g87-m2-essential-kit
Ind,https://ind-distribution.com/collections/ind/products/ind-carbon-wheel-center-cap-set-56mm
Ind,https://ind-distribution.com/collections/ind/products/ind-f87-m2-2x2-carbon-fiber-front-grilles
Ind,https://ind-distribution.com/collections/ind/products/ind-e70-x5m-painted-rear-reflector-set
Ind,https://ind-distribution.com/collections/ind/products/ind-f87-m2-essential-kit
Ind,https://ind-distribution.com/collections/ind/products/ind-e46-m3-painted-side-grille-set
Ind,https://ind-distribution.com/collections/ind/products/garagewelt-x-ind-g82-m4-skate-deck
Ind,https://ind-distribution.com/collections/ind/products/f90-essential-kit
Ind,https://ind-distribution.com/collections/ind/products/ind-e9x-m3-tinted-side-marker-led-set
Ind,https://ind-distribution.com/collections/ind/products/ind-e70-x5m-painted-side-marker-set
Ind,https://ind-distribution.com/collections/ind/products/ind-e60-m5-painted-front-grille-set
Ind,https://ind-distribution.com/collections/ind/products/ind-f32-4-series-painted-fender-trim-set
Ind,https://ind-distribution.com/collections/ind/products/ind-black-series-bmw-roundel-set
Ind,https://ind-distribution.com/collections/ind/products/ind-g60-i5-m60-painted-trunk-emblem
Ind,https://ind-distribution.com/collections/ind/products/ind-ultimate-bmw-license-plate-kit
Ind,https://ind-distribution.com/collections/ind/products/ind-f86-x6m-painted-front-reflector-set
Ind,https://ind-distribution.com/collections/ind/products/ind-e46-m3-painted-front-grille-set
Ind,https://ind-distribution.com/collections/ind/products/ind-f87-m2-matte-carbon-stitched-parking-brake-handle
Ind,https://ind-distribution.com/collections/ind/products/ind-x-acexxon-f97-x3m-pre-lci-reflector-cosmetic-package
Ind,https://ind-distribution.com/collections/ind/products/ind-f3x-4-series-painted-trunk-emblem
Ind,https://ind-distribution.com/collections/ind/products/ind-f06-f12-f13-m6-painted-side-marker-set
Ind,https://ind-distribution.com/collections/ind/products/ind-e70-x5m-e71-x6m-painted-front-reflector-set
Ind,https://ind-distribution.com/collections/ind/products/ind-e89-z4-painted-front-reflector-set
Ind,https://ind-distribution.com/collections/ind/products/ind-e9x-m3-gloss-black-mirror-cap-set
Ind,https://ind-distribution.com/collections/ind/products/ind-g8x-m3-m4-appearance-package
Ind,https://ind-distribution.com/collections/ind/products/ind-e82-1m-painted-trunk-emblem
Ind,https://ind-distribution.com/collections/ind/products/bmw-m-performance-f80-m3-carbon-fiber-trunk-spoiler
Ind,https://ind-distribution.com/collections/ind/products/ind-e46-m3-csl-s54-carbon-airbox-installation-kit
Ind,https://ind-distribution.com/collections/ind/products/ind-g29-z4-painted-front-reflector-set
Ind,https://ind-distribution.com/collections/ind/products/ind-f06-f12-f13-lci-6-series-painted-side-marker-set
Ind,https://ind-distribution.com/collections/ind/products/ind-g06-x6-painted-trunk-emblem
Ind,https://ind-distribution.com/collections/ind/products/ind-a90-supra-painted-mirror-cap-set
Ind,https://ind-distribution.com/collections/ind/products/ind-f85-x5m-f86-x6m-polar-blue-m1-m2-button-set
Ind,https://ind-distribution.com/collections/ind/products/ind-f85-x5m-carbon-fiber-side-grille-set
Ind,https://ind-distribution.com/collections/ind/products/bmw-m-performance-f86-x6m-side-grille-set
Ind,https://ind-distribution.com/collections/ind/products/ind-f06-f12-f13-6-series-painted-side-marker-set
Ind,https://ind-distribution.com/collections/ind/products/ind-e60-m5-painted-side-marker-set
Ind,https://ind-distribution.com/collections/ind/products/ind-f97-x3m-essential-kit
Ind,https://ind-distribution.com/collections/ind/products/ind-f06-f12-f13-m6-painted-front-grille-set
Ind,https://ind-distribution.com/collections/ind/products/ind-f85-x5m-painted-night-vision-front-grille-set
Ind,https://ind-distribution.com/collections/ind/products/ind-f87-m2-polar-blue-stitched-alcantara-knee-pad
Ind,https://ind-distribution.com/collections/ind/products/ind-g09-xm-painted-front-reflector-set
Ind,https://ind-distribution.com/collections/ind/products/ind-g8x-m3-m4-tri-color-shift-boot-set-cross-stitch
Ind,https://ind-distribution.com/collections/ind/products/ind-a90-supra-replacement-blue-start-stop-button
Ind,https://ind-distribution.com/collections/ind/products/ind-e9x-m3-custom-tri-stitch-shift-boot-set
Ind,https://ind-distribution.com/collections/ind/products/ind-g07-alpina-xb7-painted-trunk-emblem
Ind,https://ind-distribution.com/collections/ind/products/ind-x-acexxon-g42-2-series-m-sport-reflector-cosmetic-package
Ind,https://ind-distribution.com/collections/ind/products/ind-f15-x5-painted-front-grille-set
Ind,https://ind-distribution.com/collections/ind/products/bmw-e9x-m3-hood-vent-set
Ind,https://ind-distribution.com/collections/ind/products/ind-u11-x1-m35i-painted-trunk-emblem
Ind,https://ind-distribution.com/collections/ind/products/ind-f82-m4-gts-painted-trunk-emblem
Ind,https://ind-distribution.com/collections/ind/products/ind-f30-3-series-painted-lower-whisker-set
Ind,https://ind-distribution.com/collections/ind/products/ind-painted-speed-shape
Ind,https://ind-distribution.com/collections/ind/products/ind-billet-aluminum-slimline-license-plate-frame
Ind,https://ind-distribution.com/collections/ind/products/ind-f95-x5m-essential-kit
Ind,https://ind-distribution.com/collections/ind/products/ind-f85-x5m-painted-rear-reflector-set
Ind,https://ind-distribution.com/collections/ind/products/ind-g8x-m3-m4-mirror-retrofit-for-g2x-3-4-series
Ind,https://ind-distribution.com/collections/ind/products/ind-g07-x7-essential-kit
Ind,https://ind-distribution.com/collections/ind/products/ind-f8x-m3-m4-essential-kit
Ind,https://ind-distribution.com/collections/ind/products/ind-f06-f12-f13-m6-carbon-fiber-side-marker-set
Ind,https://ind-distribution.com/collections/ind/products/ind-g60-5-series-painted-front-reflector-set
Ind,https://ind-distribution.com/collections/ind/products/ind-f97-x3m-lci-rear-reflector-insert-set
Ind,https://ind-distribution.com/collections/ind/products/ind-2-series-gran-coupe-painted-front-reflector-set
Ind,https://ind-distribution.com/collections/ind/products/bmw-m-performance-f22-m-sport-rear-diffuser
Ind,https://ind-distribution.com/collections/ind/products/ind-f22-m235i-m240i-double-slat-front-grille-set
Ind,https://ind-distribution.com/collections/ind/products/ind-f30-3-series-lci-sport-line-painted-lower-whisker-set
Ind,https://ind-distribution.com/collections/ind/products/ind-e89-z4-tinted-side-marker-set
Ind,https://ind-distribution.com/collections/ind/products/ind-g70-7-series-painted-front-reflector-set
Ind,https://ind-distribution.com/collections/ind/products/ind-f97-x3m-lci-essential-kit
Ind,https://ind-distribution.com/collections/ind/products/ind-i01-i3-painted-front-reflector-set
Ind,https://ind-distribution.com/collections/ind/products/ind-carbon-wheel-center-cap-set-68mm
Ind,https://ind-distribution.com/collections/ind/products/ind-x-acexxon-f96-x6m-reflector-cosmetic-package
Ind,https://ind-distribution.com/collections/ind/products/ind-i20-ix-painted-front-reflector-set
Ind,https://ind-distribution.com/collections/ind/products/ind-f97-x3m-painted-mirror-cap-set
Ind,https://ind-distribution.com/collections/ind/products/ind-g90-m5-painted-front-reflector-set
Ind,https://ind-distribution.com/collections/ind/products/ind-x-acexxon-g20-3-series-lci-m-sport-reflector-cosmetic-package
Ind,https://ind-distribution.com/collections/ind/products/ind-g70-7-series-painted-rear-reflector-set
Ind,https://ind-distribution.com/collections/ind/products/ind-f95-x5m-carbon-side-grille-set
Ind,https://ind-distribution.com/collections/ind/products/ind-a90-supra-essential-kit
Ind,https://ind-distribution.com/collections/ind/products/autotecknic-interior-cosmetic-package
Ind,https://ind-distribution.com/collections/ind/products/ind-f86-x6m-painted-rear-reflector-set
Ind,https://ind-distribution.com/collections/ind/products/ind-f8x-m3-m4-matte-carbon-fiber-parking-brake-handle
Ind,https://ind-distribution.com/collections/ind/products/ind-i01-i3-painted-front-grille-set
Ind,https://ind-distribution.com/collections/ind/products/ind-f10-5-series-painted-side-marker-set
Ind,https://ind-distribution.com/collections/ind/products/ind-f10-5-series-painted-front-grille-set
Ind,https://ind-distribution.com/collections/ind/products/ind-g8x-m3-m4-replacement-rear-tow-hook-cover
Ind,https://ind-distribution.com/collections/ind/products/ind-black-series-floating-wheel-center-cap-set-56mm
Ind,https://ind-distribution.com/collections/ind/products/ind-e63-e64-m6-painted-front-reflector-set
Ind,https://ind-distribution.com/collections/ind/products/ind-g30-5-series-painted-night-vision-front-grille-set
Ind,https://ind-distribution.com/collections/ind/products/ind-f30-3-series-painted-front-grille-set
Ind,https://ind-distribution.com/collections/ind/products/ind-g87-m2-appearance-package
Ind,https://ind-distribution.com/collections/ind/products/ind-f95-x5m-appearance-package
Ind,https://ind-distribution.com/collections/ind/products/ind-g05-x5-painted-front-grille-nightvision
Ind,https://ind-distribution.com/collections/ind/products/ind-f87-m2-colored-seat-belt-set
Ind,https://ind-distribution.com/collections/ind/products/ind-f10-5-series-6-series-polar-blue-start-stop-button
Ind,https://ind-distribution.com/collections/ind/products/ind-f10-5-series-6-series-red-start-stop-button
Ind,https://ind-distribution.com/collections/ind/products/ind-f86-x6m-carbon-fiber-side-grille-set
Ind,https://ind-distribution.com/collections/ind/products/ind-f06-f12-f13-m6-carbon-fiber-front-grille-set
Ind,https://ind-distribution.com/collections/ind/products/ind-g09-xm-painted-rear-reflector-set
Ind,https://ind-distribution.com/collections/ind/products/ind-f39-x2-painted-front-reflector-set
Ind,https://ind-distribution.com/collections/ind/products/ind-f10-5-series-6-series-yellow-start-stop-button
Ind,https://ind-distribution.com/collections/ind/products/ind-f8x-m2c-m3-m4-coated-exhaust-tips
Ind,https://ind-distribution.com/collections/ind/products/ind-g90-m5-painted-rear-reflector-set
Ind,https://ind-distribution.com/collections/ind/products/ind-f91-f92-f93-m8-essential-kit
Ind,https://ind-distribution.com/collections/ind/products/ind-f90-m5-appearance-package
Ind,https://ind-distribution.com/collections/ind/products/ind-g20-3-series-essential-kit
Ind,https://ind-distribution.com/collections/ind/products/ind-f86-x6m-painted-night-vision-front-grille-set-1
Ind,https://ind-distribution.com/collections/ind/products/ind-f10-m5-f1x-m6-yellow-m1-m2-button-set
Ind,https://ind-distribution.com/collections/ind/products/ind-e82-1m-painted-front-grille-set
Ind,https://ind-distribution.com/collections/ind/products/ind-e46-m3-e85-e86-z4m-s54-carbon-intake-package
Ind,https://ind-distribution.com/collections/ind/products/ind-e9x-m3-oem-mirror-covers-with-m5-paint-scheme
Ind,https://ind-distribution.com/collections/ind/products/ind-f80-m3-matte-black-trunk-emblem
Ind,https://ind-distribution.com/collections/ind/products/ind-e71-x6m-painted-trunk-emblem
Ind,https://ind-distribution.com/collections/ind/products/ind-f8x-m3-m4-tri-stitch-alcantara-boot-set
Ind,https://ind-distribution.com/collections/ind/products/ind-f10-m5-pre-lci-painted-front-grille-set
Ind,https://ind-distribution.com/collections/ind/products/ind-m-50-year-anniversary-painted-heritage-roundel-set
Ind,https://ind-distribution.com/collections/ind/products/ind-f87-m2-cs-custom-floor-mat-set
Ind,https://ind-distribution.com/collections/ind/products/ind-e46-m3-zcp-red-m-track-mode-steering-wheel-button
Ind,https://ind-distribution.com/collections/ind/products/ind-f87-m2-competition-front-grille-with-painted-center-trim
Ind,https://ind-distribution.com/collections/ind/products/ind-f85-x5m-cosmetic-package-night-vision
Ind,https://ind-distribution.com/collections/ind/products/ind-f16-x6-painted-trunk-emblem
Ind,https://ind-distribution.com/collections/ind/products/ind-f80-m3-f82-m4-painted-dry-carbon-fiber-seat-back-cover-set
Ind,https://ind-distribution.com/collections/ind/products/ind-e9x-m3-custom-tri-stitch-leather-e-brake-boot
Ind,https://ind-distribution.com/collections/ind/products/ind-e63-e64-m6-painted-side-marker-set
Ind,https://ind-distribution.com/collections/ind/products/ind-f82-m4-gts-floor-mat-set
Ind,https://ind-distribution.com/collections/ind/products/ind-f86-x6m-carbon-fiber-front-grille-set
Ind,https://ind-distribution.com/collections/ind/products/ind-f5x-mini-cooper-rear-reflector-delete-set
Ind,https://ind-distribution.com/collections/ind/products/ind-f5x-mini-cooper-front-reflector-delete-set
Ind,https://ind-distribution.com/collections/ind/products/ind-f97-x3m-f98-x4m-carbon-front-grille-set
Ind,https://ind-distribution.com/collections/ind/products/ind-f06-f12-f13-m6-essential-kit
Ind,https://ind-distribution.com/collections/ind/products/ind-f87-m2-competition-bumper-retrofit-kit
Ind,https://ind-distribution.com/collections/ind/products/ind-e82-1m-painted-engine-cover
Ind,https://ind-distribution.com/collections/ind/products/ind-f06-f12-f13-6-series-painted-front-reflector-set
Ind,https://ind-distribution.com/collections/ind/products/ind-g2x-4-series-xdrive-painted-trunk-emblem
Ind,https://ind-distribution.com/collections/ind/products/ind-e70-x5-painted-trunk-emblem
Ind,https://ind-distribution.com/collections/ind/products/ind-e9x-m3-custom-tri-stitch-alcantara-e-brake-boot
Ind,https://ind-distribution.com/collections/ind/products/ind-i12-i8-painted-front-reflector-set
Ind,https://ind-distribution.com/collections/ind/products/ind-f10-m5-f1x-m6-yellow-start-stop-button
Ind,https://ind-distribution.com/collections/ind/products/ind-f10-m5-6-speed-m-tri-color-shift-boot
Ind,https://ind-distribution.com/collections/ind/products/bmw-wireless-charging-station
Ind,https://ind-distribution.com/collections/ind/products/ind-e9x-m3-replacement-rear-tow-hook-cover
Ind,https://ind-distribution.com/collections/ind/products/ind-g82-m4-csl-carbon-full-bucket-seat-bolster-protector-set
Ind,https://ind-distribution.com/collections/ind/products/ind-u10-x2-m35i-painted-trunk-emblem
Ind,https://ind-distribution.com/collections/ind/products/ind-u11-x1-painted-rear-reflector-set
Ind,https://ind-distribution.com/collections/ind/products/ind-g8x-m3-m4-matte-black-coated-exhaust-tip-set
Ind,https://ind-distribution.com/collections/ind/products/ind-f8x-m3-m4-tri-stitch-alcantara-e-brake-boot
Ind,https://ind-distribution.com/collections/ind/products/ind-f8x-m3-m4-tri-stitch-boot-set
Ind,https://ind-distribution.com/collections/ind/products/e92-m3-sportevo-tribute-seat-belt-package
Ind,https://ind-distribution.com/collections/ind/products/ind-f85-x5m-carbon-fiber-front-grille-set
Ind,https://ind-distribution.com/collections/ind/products/ind-i20-ix-painted-rear-reflector-set
Ind,https://ind-distribution.com/collections/ind/products/ind-f87-m2-appearance-package
Ind,https://ind-distribution.com/collections/ind/products/ind-black-series-wheel-center-cap-set-56mm
Ind,https://ind-distribution.com/collections/ind/products/ind-g45-x3-painted-front-reflector-set
Ind,https://ind-distribution.com/collections/ind/products/ind-u10-x2-painted-front-reflector-set
Ind,https://ind-distribution.com/collections/ind/products/ind-x-acexxon-f22-2-series-m-sport-reflector-cosmetic-package
Ind,https://ind-distribution.com/collections/ind/products/ind-e9x-m3-s65-powder-coated-valve-cover-set-with-service-kit
Ind,https://ind-distribution.com/collections/ind/products/ind-f8x-m3-m4-appearance-package
Ind,https://ind-distribution.com/collections/ind/products/ind-f86-x6m-cosmetic-package
Ind,https://ind-distribution.com/collections/ind/products/ind-f85-x5m-f86-x6m-yellow-m1-m2-button-set
Ind,https://ind-distribution.com/collections/ind/products/ind-f87-m2-polar-blue-stitched-leather-knee-pad
Ind,https://ind-distribution.com/collections/ind/products/bmw-m-performance-carbon-fiber-mirror-caps-with-acid-orange
Ind,https://ind-distribution.com/collections/ind/products/ind-g0x-x5-x6-x7-m50i-m60i-painted-trunk-emblem
Ind,https://ind-distribution.com/collections/ind/products/ind-g05-x5-g06-x6-g07-x7-m-performance-painted-trunk-emblem
Ind,https://ind-distribution.com/collections/ind/products/bmw-f90-m5-cs-front-grille-set
Ind,https://ind-distribution.com/collections/ind/products/bmw-f90-m5-pre-lci-oem-shadowline-front-grille
Ind,https://ind-distribution.com/collections/ind/products/bmw-m-performance-f98-x4m-carbon-front-grille-set
Ind,https://ind-distribution.com/collections/ind/products/bmw-m-performance-f90-m5-steering-wheel
Ind,https://ind-distribution.com/collections/ind/products/f80-m3-colored-seat-belts
Ind,https://ind-distribution.com/collections/ind/products/ind-f82-m4-colored-seat-belts
Ind,https://ind-distribution.com/collections/ind/products/ind-f39-x2-painted-rear-reflector-set
Ind,https://ind-distribution.com/collections/ind/products/bmw-m-performance-diffuser-with-custom-acid-orange-paint
Ind,https://ind-distribution.com/collections/ind/products/bmw-motorsport-m235i-racing-rear-wing
Ind,https://ind-distribution.com/collections/ind/products/bmw-m-performance-f87-m2-carbon-mirror-caps
Ind,https://ind-distribution.com/collections/ind/products/atk-f10-m5-carbon-fiber-front-grille-set-pre-lci
Ind,https://ind-distribution.com/collections/ind/products/ind-e71-x6m-painted-side-marker-set
Ind,https://ind-distribution.com/collections/ind/products/ind-g99-m5-touring-painted-rear-arch-reflector-set
Ind,https://ind-distribution.com/collections/ind/products/ind-g45-x3-painted-rear-reflector-set
Ind,https://ind-distribution.com/collections/ind/products/nd-black-series-floating-wheel-center-cap-set-68mm
Ind,https://ind-distribution.com/collections/ind/products/ind-e70-x5m-x5-painted-front-grille-set
Ind,https://ind-distribution.com/collections/ind/products/ind-f96-x6m-essential-kit
Ind,https://ind-distribution.com/collections/ind/products/ind-e71-x6-painted-trunk-emblem
Ind,https://ind-distribution.com/collections/ind/products/supra-performance-carbon-shift-paddle-set
Ind,https://ind-distribution.com/collections/ind/products/bmw-m-performance-f97-x3m-carbon-front-grille-set
Ind,https://ind-distribution.com/collections/ind/products/ind-f8x-m3-m4-tri-stitch-e-brake-boot
Ind,https://ind-distribution.com/collections/ind/products/ind-f8x-m3-m4-dtm-full-grille-set
Ind,https://ind-distribution.com/collections/ind/products/ind-f10-5-series-painted-front-reflector-set
Ind,https://ind-distribution.com/collections/ind/products/ind-g45-x3-painted-rear-wiper-arm-cap-gloss-black
Ind,https://ind-distribution.com/collections/ind/products/ind-black-series-wheel-center-cap-set-68mm
Ind,https://ind-distribution.com/collections/ind/products/ind-u10-x2-m35i-painted-rear-reflector-set-gloss-black
Ind,https://ind-distribution.com/collections/ind/products/ind-e9x-m3-s65-dct-platinum-performance-and-service-package
Ind,https://ind-distribution.com/collections/ind/products/bmw-m-performance-g-chassis-steering-wheel-red-stripe-silver-grey-stitching
Ind,https://ind-distribution.com/collections/ind/products/ind-e90-m3-sportevo-tribute-seat-belt-set
Ind,https://ind-distribution.com/collections/ind/products/ind-f34-gt-3-series-painted-fender-trim
Ind,https://ind-distribution.com/collections/ind/products/bmw-motorsport-e9x-m3-mirror-set-with-rkp-mounting-base
Goldenwrench Supply,https://ind-distribution.com/collections/goldenwrench-supply/products/goldenwrench-blackline-performance-bmw-m-car-series-oil-cap-cover
Goldenwrench Supply,https://ind-distribution.com/collections/goldenwrench-supply/products/goldenwrench-blackline-performance-edition-red-bmw-m-car-series-coolant-expansion-tank-cap-cover
Goldenwrench Supply,https://ind-distribution.com/collections/goldenwrench-supply/products/goldenwrench-blackline-performance-bmw-m-car-series-charge-cooler-tank-cap-cover
Goldenwrench Supply,https://ind-distribution.com/collections/goldenwrench-supply/products/goldenwrench-blackline-performance-bmw-m-car-series-fuel-cap-cover
Goldenwrench Supply,https://ind-distribution.com/collections/goldenwrench-supply/products/goldenwrench-blackline-performance-s58-engine-cap-cover-set
Goldenwrench Supply,https://ind-distribution.com/collections/goldenwrench-supply/products/products-goldenwrench-blackline-performance-bmw-m-car-series-washer-fluid-cap
Goldenwrench Supply,https://ind-distribution.com/collections/goldenwrench-supply/products/goldenwrench-blackline-performance-bmw-m-car-g-chassis-washer-fluid-cap
Goldenwrench Supply,https://ind-distribution.com/collections/goldenwrench-supply/products/goldenwrench-blackline-performance-bmw-m-car-e9x-f95-mini-washer-fluid-cap
Goldenwrench Supply,https://ind-distribution.com/collections/goldenwrench-supply/products/goldenwrench-blackline-performance-bmw-m-car-f-chassis-hood-latch-handle
Goldenwrench Supply,https://ind-distribution.com/collections/goldenwrench-supply/products/goldenwrench-blackline-performance-a90-supra-coolant-cap-cover-set
Goldenwrench Supply,https://ind-distribution.com/collections/goldenwrench-supply/products/goldenwrench-blackline-performance-a90-supra-oil-cap-cover
Goldenwrench Supply,https://ind-distribution.com/collections/goldenwrench-supply/products/goldenwrench-blackline-performance-bmw-m-car-g-chassis-hood-latch-handle
Goldenwrench Supply,https://ind-distribution.com/collections/goldenwrench-supply/products/goldenwrench-x-ind-anniversary-bmw-m-car-series-oil-cap-cover-limited-edition
Goldenwrench Supply,https://ind-distribution.com/collections/goldenwrench-supply/products/goldenwrench-blackline-performance-e210-gr-corolla-acexxon-rear-reflector-insert-set
Goldenwrench Supply,https://ind-distribution.com/collections/goldenwrench-supply/products/goldenwrench-blackline-performance-a90-supra-engine-start-button
Goldenwrench Supply,https://ind-distribution.com/collections/goldenwrench-supply/products/goldenwrench-blackline-performance-bmw-m-car-f-chassis-oil-filter-housing-cap
Goldenwrench Supply,https://ind-distribution.com/collections/goldenwrench-supply/products/goldenwrench-blackline-performance-bmw-m-car-e-chassis-hood-latch-handle
Goldenwrench Supply,https://ind-distribution.com/collections/goldenwrench-supply/products/goldenwrench-blackline-performance-a90-supra-edition-red-billet-washer-fluid-cap
Goldenwrench Supply,https://ind-distribution.com/collections/goldenwrench-supply/products/goldenwrench-f8x-s55-blackline-performance-charge-cooler-cover
Goldenwrench Supply,https://ind-distribution.com/collections/goldenwrench-supply/products/goldenwrench-blackline-performance-f5x-mini-jcw-gp3-engine-cap-set
Goldenwrench Supply,https://ind-distribution.com/collections/goldenwrench-supply/products/goldenwrench-blackline-performance-gr-corolla-yaris-g16e-gts-cap-set-edition-red
Goldenwrench Supply,https://ind-distribution.com/collections/goldenwrench-supply/products/goldenwrench-blackline-performance-toyota-gr-corolla-washer-fluid-cap-edition-red
Goldenwrench Supply,https://ind-distribution.com/collections/goldenwrench-supply/products/goldenwrench-blackline-performance-bmw-m-car-s58-ccb-gold-cap-set
Goldenwrench Supply,https://ind-distribution.com/collections/goldenwrench-supply/products/goldenwrench-blackline-performance-bmw-m-car-s55-ccb-gold-cap-set
Kmp,https://ind-distribution.com/collections/kmp/products/kmp-f8x-m3-m4-rear-differential-bracket-bushing-set
Kmp,https://ind-distribution.com/collections/kmp/products/kmp-drivetrain-f8x-m2c-m3-m4-dct-racing-wheel
Kmp,https://ind-distribution.com/collections/kmp/products/kmp-e9x-m3-magnetic-shift-paddle-set
Kmp,https://ind-distribution.com/collections/kmp/products/kmp-g8x-m2-m3-m4-magnetic-shift-paddle-set
Kmp,https://ind-distribution.com/collections/kmp/products/kmp-a90-supra-racing-wheel-quick-release-hub-kit-8at
Kmp,https://ind-distribution.com/collections/kmp/products/kmp-f8x-m2-m3-m4-magnetic-shift-paddle-set
Kmp,https://ind-distribution.com/collections/kmp/products/kmp-drivetrain-e9x-m3-dct-racing-wheel
Kmp,https://ind-distribution.com/collections/kmp/products/kmp-g8x-m3-m4-racing-wheel-quick-release-hub-kit-8at
Kmp,https://ind-distribution.com/collections/kmp/products/kmp-e9x-m3-e82-1m-racing-wheel-quick-release-hub-kit-6mt
Kmp,https://ind-distribution.com/collections/kmp/products/kmp-g8x-m3-m4-racing-wheel-quick-release-hub-kit-6mt
Kmp,https://ind-distribution.com/collections/kmp/products/kmp-e46-m3-racing-wheel-quick-release-hub-kit-smg
Kmp,https://ind-distribution.com/collections/kmp/products/kmp-f87-m2-n55-racing-wheel-quick-release-hub-kit-6mt-gen2
Kmp,https://ind-distribution.com/collections/kmp/products/kmp-f87-m2-n55-racing-wheel-quick-release-hub-kit-dct
Kmp,https://ind-distribution.com/collections/kmp/products/kmp-f8x-m2c-m3-m4-racing-wheel-quick-release-hub-kit-6mt
Madtrace,https://ind-distribution.com/collections/madtrace/products/madtrace-lotus-clubsport-magnetic-shift-paddle-set
Madtrace,https://ind-distribution.com/collections/madtrace/products/madtrace-f8x-steering-wheel-driving-dynamic-control-module
Madtrace,https://ind-distribution.com/collections/madtrace/products/madtrace-fl5-civic-type-r-racing-steering-wheel-system
Madtrace,https://ind-distribution.com/collections/madtrace/products/madtrace-audi-audi-8s-tt-4s-r8-clubsport-magnetic-shift-paddle-set-matte-carbon
Madtrace,https://ind-distribution.com/collections/madtrace/products/madtrace-e-chassis-racing-steering-wheel-system
Madtrace,https://ind-distribution.com/collections/madtrace/products/madtrace-g-chassis-racing-steering-wheel-system
Madtrace,https://ind-distribution.com/collections/madtrace/products/madtrace-f-chassis-racing-steering-wheel-system
Madtrace,https://ind-distribution.com/collections/madtrace/products/madtrace-porsche-clubsport-magnetic-shift-paddle-set-matte-carbon
Madtrace,https://ind-distribution.com/collections/madtrace/products/madtrace-g-chassis-clubsport-magnetic-shift-paddle-set-billet-aluminum-v2
Madtrace,https://ind-distribution.com/collections/madtrace/products/madtrace-g-chassis-clubsport-magnetic-shift-paddle-set-matte-carbon
Madtrace,https://ind-distribution.com/collections/madtrace/products/madtrace-f-chassis-clubsport-magnetic-shift-paddle-set-billet-aluminum
Madtrace,https://ind-distribution.com/collections/madtrace/products/madtrace-f-chassis-magnetic-clubsport-shift-paddle-set-matte-carbon
Mmx Performance,https://ind-distribution.com/collections/mmx-performance/products/mmr-performance-magnetic-oil-sump-drain-plug-m12x1-5
Mmx Performance,https://ind-distribution.com/collections/mmx-performance/products/mmr-performance-magnetic-differential-oil-plug-m22x1-5
Mmx Performance,https://ind-distribution.com/collections/mmx-performance/products/mmx-performance-bmw-supra-5x112-wheel-spacer-kit
Mmx Performance,https://ind-distribution.com/collections/mmx-performance/products/mmr-performance-bmw-billet-fuel-cap
Mmx Performance,https://ind-distribution.com/collections/mmx-performance/products/mmr-performance-bmw-wheel-stud-kit-m14x1-25
Mmx Performance,https://ind-distribution.com/collections/mmx-performance/products/mmr-performance-bmw-n20-n5x-s55-billet-oil-filter-housing-cap
Mmx Performance,https://ind-distribution.com/collections/mmx-performance/products/mmr-performance-bmw-billet-oil-filler-cap
Mmx Performance,https://ind-distribution.com/collections/mmx-performance/products/mmr-performance-bmw-b58-b57-stainless-steel-oil-filter
Mmx Performance,https://ind-distribution.com/collections/mmx-performance/products/mmr-performance-oil-plug-replacement-crush-washer-set
Mmx Performance,https://ind-distribution.com/collections/mmx-performance/products/mmr-performance-bmw-b58-b57-lifetime-oil-change-service-kit
Mmx Performance,https://ind-distribution.com/collections/mmx-performance/products/mmr-performance-bmw-s55-n55-one-piece-crank-hub-upgrade-kit
Mmx Performance,https://ind-distribution.com/collections/mmx-performance/products/mmr-performance-bmw-billet-coolant-expansion-cap
Mmx Performance,https://ind-distribution.com/collections/mmx-performance/products/mmr-performance-bmw-b58-b57-billet-oil-filter-housing-cap
Mmx Performance,https://ind-distribution.com/collections/mmx-performance/products/mmr-performance-g42-m240i-lowering-spring-set
Mmx Performance,https://ind-distribution.com/collections/mmx-performance/products/mmr-performance-bmw-oil-filter-o-ring-service-kit-b58-b57
Mmx Performance,https://ind-distribution.com/collections/mmx-performance/products/mmr-performance-bmw-m22x1-5-differential-plug-o-ring-set-5-pack
Mmx Performance,https://ind-distribution.com/collections/mmx-performance/products/mmr-performance-bmw-n55-oil-sump-baffle-kit
Mmx Performance,https://ind-distribution.com/collections/mmx-performance/products/mmr-performance-g8x-m2-m3-m4-replacement-panel-air-filter-set
Mmx Performance,https://ind-distribution.com/collections/mmx-performance/products/mmr-performance-bmw-s55-n55-one-piece-crank-hub-upgrade-kit-4-pin
Mmx Performance,https://ind-distribution.com/collections/mmx-performance/products/mmr-performance-bmw-billet-oil-filler-cap-s58-b48e
Mmx Performance,https://ind-distribution.com/collections/mmx-performance/products/mmr-performance-bmw-5x120-wheel-spacer-kit
Mmx Performance,https://ind-distribution.com/collections/mmx-performance/products/mmr-performance-bmw-s55-n55-n54-oil-thermostat-housing-cover-kit
Mmx Performance,https://ind-distribution.com/collections/mmx-performance/products/mmr-performance-bmw-mt-billet-gear-shift-knob
Mmx Performance,https://ind-distribution.com/collections/mmx-performance/products/mmr-performance-g8x-m2-m3-m4-height-adjustable-sport-spring-kit
Mmx Performance,https://ind-distribution.com/collections/mmx-performance/products/mmr-performance-replacement-80mm-wheel-stud-set-m14x1-25
Mmx Performance,https://ind-distribution.com/collections/mmx-performance/products/mmr-performance-g8x-m3-m4-lowering-spring-set
Mmx Performance,https://ind-distribution.com/collections/mmx-performance/products/mmr-performance-bmw-b58-charge-pipe-kit
Mmx Performance,https://ind-distribution.com/collections/mmx-performance/products/mmr-performance-f8x-m2-m3-m4-rp650-performance-brake-pad-set-rear
Mmx Performance,https://ind-distribution.com/collections/mmx-performance/products/mmr-performance-g8x-m2-m3-m4-control-module
Mmx Performance,https://ind-distribution.com/collections/mmx-performance/products/mmx-performance-bmw-s58-billet-oil-filter-housing-cap
Mmx Performance,https://ind-distribution.com/collections/mmx-performance/products/mmr-performance-f2x-f3x-f87-n55-chargepipe-kit
Mmx Performance,https://ind-distribution.com/collections/mmx-performance/products/mmr-performance-g20-m340i-330i-lowering-spring-set
Mmx Performance,https://ind-distribution.com/collections/mmx-performance/products/mmr-performance-f8x-m2-m3-m4-rp650-performance-brake-pad-set-front
Mmx Performance,https://ind-distribution.com/collections/mmx-performance/products/mmx-performance-bmw-s58-stainless-steel-oil-filter
Mmx Performance,https://ind-distribution.com/collections/mmx-performance/products/mmr-performance-bmw-s55-n55-crank-hub-capture-plate
Mmx Performance,https://ind-distribution.com/collections/mmx-performance/products/mmr-performance-g-chassis-gear-shift-paddle-set
Mmx Performance,https://ind-distribution.com/collections/mmx-performance/products/mmr-performance-f8x-m2-m3-m4-adjustable-front-sway-bar-end-link-kit
Mmx Performance,https://ind-distribution.com/collections/mmx-performance/products/mmr-performance-mmx-bmw-x3m-f97-lowering-spring-kit
Mmx Performance,https://ind-distribution.com/collections/mmx-performance/products/mmr-performance-f2x-f3x-adjustable-front-sway-bar-end-link-kit
Mmx Performance,https://ind-distribution.com/collections/mmx-performance/products/mmx-performance-magnetic-oil-sump-drain-plug-s63
Mmx Performance,https://ind-distribution.com/collections/mmx-performance/products/mmr-performance-e-f-chassis-gear-shift-paddle-set
Mmx Performance,https://ind-distribution.com/collections/mmx-performance/products/mmx-bmw-f-g-series-magnetic-gear-shift-paddles
Mmx Performance,https://ind-distribution.com/collections/mmx-performance/products/mmx-high-performance-ignition-coils-b-series
Mmx Performance,https://ind-distribution.com/collections/mmx-performance/products/mmx-high-performance-ignition-coils-n-series
Mmx Performance,https://ind-distribution.com/collections/mmx-performance/products/mmx-g8x-m2-m3-m4-adjustable-front-sway-bar-link-set
Mmx Performance,https://ind-distribution.com/collections/mmx-performance/products/mmx-g8x-m2-m3-m4-adjustable-rear-sway-bar-link-set
Mmx Performance,https://ind-distribution.com/collections/mmx-performance/products/mmr-performance-f8x-m2c-m3-m4-s55-chargepipe-kit
Mmx Performance,https://ind-distribution.com/collections/mmx-performance/products/mmr-performance-f2x-f3x-billet-differential-insert-set
Mmx Performance,https://ind-distribution.com/collections/mmx-performance/products/mmr-oil-temperature-and-pressure-adaptor-for-bmw-n54-n55
Mmx Performance,https://ind-distribution.com/collections/mmx-performance/products/mmx-bmw-f-series-billet-washer-fluid-cap
Mmx Performance,https://ind-distribution.com/collections/mmx-performance/products/mmr-performance-n55-f2x-f3x-oil-catch-can-kit
Mmx Performance,https://ind-distribution.com/collections/mmx-performance/products/mmr-performance-bmw-e9x-m3-gear-shift-paddle-set
Mmx Performance,https://ind-distribution.com/collections/mmx-performance/products/mmr-performance-g8x-m2-m3-m4-2-piece-front-rotors
Mmx Performance,https://ind-distribution.com/collections/mmx-performance/products/mmr-performance-bmw-f4x-b48-mini-f56-jcw-gp3-replacement-panel-air-filter
Mmx Performance,https://ind-distribution.com/collections/mmx-performance/products/mmr-performance-f1x-m5-m6-s63-chargepipe-set
Mmx Performance,https://ind-distribution.com/collections/mmx-performance/products/mmr-performance-f2x-f3x-billet-subframe-insert-set
Mmx Performance,https://ind-distribution.com/collections/mmx-performance/products/mmx-power-control-module-for-s55-bmw
Mmx Performance,https://ind-distribution.com/collections/mmx-performance/products/mmr-lowering-springs-for-bmw-m135i-m235i-m135i-m140i
Mmx Performance,https://ind-distribution.com/collections/mmx-performance/products/mmr-rear-underbody-chassis-brace-for-mini
Mmx Performance,https://ind-distribution.com/collections/mmx-performance/products/mmr-centre-underbody-chassis-brace-for-mini
Mmx Performance,https://ind-distribution.com/collections/mmx-performance/products/mmr-front-underbody-chassis-brace-for-mini
Mmx Performance,https://ind-distribution.com/collections/mmx-performance/products/mmr-3-piece-underbody-chassis-brace-for-mini
Mmx Performance,https://ind-distribution.com/collections/mmx-performance/products/mmr-racing-brake-fluid
Mmx Performance,https://ind-distribution.com/collections/mmx-performance/products/mmr-lowering-springs-for-mini-f56
Mmx Performance,https://ind-distribution.com/collections/mmx-performance/products/mmr-lowering-springs-for-bmw-f8x
Mmx Performance,https://ind-distribution.com/collections/mmx-performance/products/mmr-intake-resonator-delete-for-mini-f56
Mmx Performance,https://ind-distribution.com/collections/mmx-performance/products/mmr-low-temperature-oil-thermostat-for-bmw-n54-n55
Mmx Performance,https://ind-distribution.com/collections/mmx-performance/products/mmr-silicone-intake-hose-for-mini
Mmx Performance,https://ind-distribution.com/collections/mmx-performance/products/mmr-air-intake-for-bmw-b58
Mmx Performance,https://ind-distribution.com/collections/mmx-performance/products/mmr-charge-pipe-kit-for-mini
Mmx Performance,https://ind-distribution.com/collections/mmx-performance/products/mmr-silicone-intake-hose-for-bmw-b58
Mmx Performance,https://ind-distribution.com/collections/mmx-performance/products/mmr-cotton-panel-air-filters-for-bmw-n55
Mmx Performance,https://ind-distribution.com/collections/mmx-performance/products/mmr-performance-intercooler-for-mini-f-series
Mmx Performance,https://ind-distribution.com/collections/mmx-performance/products/mmr-chargepipe-turbo-side-for-n55-bmw
Mmx Performance,https://ind-distribution.com/collections/mmx-performance/products/mmr-cotton-panel-air-for-bmw-b48-b58
Mmx Performance,https://ind-distribution.com/collections/mmx-performance/products/mmr-intake-kit-for-n55-bmw
Mmx Performance,https://ind-distribution.com/collections/mmx-performance/products/mmr-chargepipe-n55-e-series-bmw
Mmx Performance,https://ind-distribution.com/collections/mmx-performance/products/mmx-performance-f8x-m2-m3-m4-2-piece-floating-rotor-set-rear-370x24mm
Mmx Performance,https://ind-distribution.com/collections/mmx-performance/products/mmx-performance-f8x-m2-m3-m4-2-piece-floating-rotor-set-front-380x30mm
Mmx Performance,https://ind-distribution.com/collections/mmx-performance/products/mmr-performance-g8x-m2-m3-m4-2-piece-370mm-rear-rotors
Mmx Performance,https://ind-distribution.com/collections/mmx-performance/products/mmr-performance-f8x-m2-m3-m4-height-adjustable-sport-spring-kit
Storm Motorwerks,https://ind-distribution.com/collections/storm-motorwerks/products/storm-motorwerks-bmw-stainless-mt-shift-knob-v1
Storm Motorwerks,https://ind-distribution.com/collections/storm-motorwerks/products/storm-motorwerks-bmw-stainless-mt-shift-knob-v2
Storm Motorwerks,https://ind-distribution.com/collections/storm-motorwerks/products/storm-motorwerks-billet-cigarette-lighter-plug
Storm Motorwerks,https://ind-distribution.com/collections/storm-motorwerks/products/storm-motorwerks-bmw-stainless-parking-brake-handle
Storm Motorwerks,https://ind-distribution.com/collections/storm-motorwerks/products/storm-motorwerks-e9x-m3-illuminated-dct-shift-paddle-set
Storm Motorwerks,https://ind-distribution.com/collections/storm-motorwerks/products/storm-motorwerks-e46-m3-stainless-smg-shift-knob-v3
Storm Motorwerks,https://ind-distribution.com/collections/storm-motorwerks/products/storm-motorwerks-e46-m3-illuminated-smg-stainless-shift-paddle-set
Storm Motorwerks,https://ind-distribution.com/collections/storm-motorwerks/products/storm-motorwerks-e46-m3-stainless-smg-gaiter-ring
